city_id,city
1,Matthewside
2,Kimfurt
3,Campbellfurt
4,South John
5,Traceyview
6,Port Andrewchester
7,Cooperhaven
8,North Andrew
9,North Bryanmouth
10,New Michaelchester
11,New Debbiemouth
12,Ashleyfurt
13,Normaview
14,Lake Lisastad
15,Melindafort
16,Ryantown
17,East Samantha
18,New Rebeccaview
19,Lake Michael
20,Lake Briannatown
21,Nicoleburgh
22,South Coreyside
23,Jonesland
24,East Darren
25,North Ernest
26,East Jonathan
27,Jonathanshire
28,Rodriguezfurt
29,New Sharon
30,Williamsborough
31,Lake Saraland
32,Gomezside
33,West Meganfort
34,Cooleyfurt
35,South Rogerfort
36,South Cathyborough
37,South Jerry
38,Melissaview
39,North Glenshire
40,Marktown
41,Allenport
42,Harpertown
43,New Jasonside
44,Veronicashire
45,West Gabriellaport
46,Robertsonton
47,Lake Angela
48,Lake Coreybury
49,Taylorton
50,New Thomasview
51,New Vanessa
52,East Frank
53,Lake Debra
54,Gabrielhaven
55,Osborneland
56,New Patricktown
57,Port Sarah
58,South Mary
59,New Erin
60,East Phillipfurt
61,Bakerfort
62,Turku
63,Holdenport
64,Webbmouth
65,Alvaradofurt
66,Lake Michelle
67,South Victoria
68,New Pamela
69,Jessicaton
70,West Richardton
71,Doughertytown
72,Lake Daniel
73,West Debra
74,Banksborough
75,Francoville
76,Lake Linda
77,Clarkmouth
78,Lake Jessicafort
79,Allisonhaven
80,Bassfurt
81,Shafferland
82,Gentrystad
83,Lake Melissa
84,Oulu
85,West Michelle
86,Ingrammouth
87,East Meredith
88,Lake Jenniferville
89,Nicholaschester
90,Chloetown
91,Allenberg
92,New Victoriaport
93,New Robert
94,Shawnberg
95,Lake Courtneystad
96,West Karenburgh
97,South Sarah
98,East Sylvia
99,East Karlaville
100,Abigailfurt
101,Rebeccamouth
102,Edwardside
103,Aaronberg
104,Gardnerside
105,Mccarthyport
106,Murphyfurt
107,North Catherineland
108,East Thomas
109,South Gabrielborough
110,South Perrytown
111,Port Hannah
112,West Benjaminshire
113,Alvarezfurt
114,Baldwinborough
115,West Tina
116,Brucemouth
117,Lake Cameronport
118,North Ellen
119,Kramerhaven
120,North Christina
121,North Kellymouth
122,Thomasview
123,Port Alexisburgh
124,Lake Patricia
125,East Lindsay
126,Whiteland
127,Anneville
128,New Taraburgh
129,West Eric
130,Bauerberg
131,West Davidchester
132,Davisbury
133,Port Garyville
134,South Johnfort
135,Port Alicia
136,Johnsonshire
137,Lake Patriciachester
138,Jasonhaven
139,Murrayton
140,Beckyfort
141,Lake John
142,New Carolyn
143,North Meganborough
144,Jamesshire
145,South Amandamouth
146,Lake Johnathan
147,Garciabury
148,South Annaborough
149,Helsinki
150,South Phillipfurt
151,Carrolltown
152,Watsonstad
153,Woodsport
154,New Shannonport
155,Lake Christopher
156,Tampere
157,Wilsonshire
158,New Gabriela
159,Rodriguezchester
160,Emilyport
161,Kaylachester
162,Rosemouth
163,Davidview
164,West Alexis
165,East Wandachester
166,East Laura
167,North Lauraview
168,Lawrencechester
169,Ronaldview
170,Jasonton
171,New John
172,Kristinfurt
173,Lake Stevenmouth
174,West Dustinshire
175,North Wendy
176,Kevinfort
177,Lake Jennifermouth
178,Josephshire
179,New Jacquelinestad
180,Michaelfurt
181,Port Evan
182,New Michaelburgh
183,Kennethbury
184,Hurststad
185,Lake Ryanstad
186,South Marcshire
187,Emmaburgh
188,East Juanmouth
189,Mitchellchester
190,East Jennifer
191,Sanchezville
192,West Thomas
193,Mercadochester
194,Lake Robinfurt
195,Johnburgh
196,New Stephanieborough
197,Palmermouth
198,Tylerland
199,Lake Johnchester
200,Josemouth
201,East Emilyberg
202,Hatfieldfurt
203,South Jennifer
204,Pattersontown
205,Moonland
206,North Danielview
207,West Ashley
208,New Michaelstad
209,Smithbury
210,South Eduardomouth
211,Mariahchester
212,North Dennis
213,North Richard
214,Stoneberg
215,Lindaberg
216,Ashleychester
217,South Allenmouth
218,Montgomeryland
219,Lake Andrewhaven
220,Martinstad
221,Lake Adamburgh
222,North Jason
223,North Jennifer
224,East Donna
225,Ronaldstad
226,West Kimberly
227,South Jonathan
228,East Crystalburgh
229,Grahamport
230,North Rachel
231,Luisland
232,Port Kevinhaven
233,New Lynnshire
234,Sarahside
235,New Jessica
236,Ericaton
237,Port Jose
238,Jamesberg
239,West Matthew
240,Riosborough
241,West Brianatown
